picture,product_name,price
https://s.alicdn.com/@sc04/kf/H8f14e74629f74ef1bd85cb2674315c89U.jpg_250x250xz.jpg,Hot ultrabook laptop ultrabook intel celeron 4 cores laptop computer,$83.60 - $93.10
https://s.alicdn.com/@sc04/kf/Hdd7b495702194364803ec2d69e1ea3eaw.jpg_250x250xz.jpg,TNTSTAR TNT-1403 3D REAL SOUND HI-FI MULTIMEDIA SPEAKER SYSTEM X-BASS HOME THEATER SYSTEM WITH REMOTE CONTROL,$19.21 - $20.08
https://s.alicdn.com/@sc04/kf/H415754f37b534b7a842024de0bda042bc.jpg_250x250xz.jpg,For Nok 6700 Classic 6700C Original Cheap Bar Simple Unlocked GSM Mobile Cell Phone,$49.00 - $51.50
https://s.alicdn.com/@sc04/kf/H6db0edf4c4544ba3abc46e189eab6ef1P.png_250x250xz.jpg,Customized LOGO Breathable Game Touch Screen PUBG Mobile Gaming Finger Sleeve game gloves,$0.08 - $0.10
https://s.alicdn.com/@sc04/kf/H136429abab944ec2822a5dc0eef6ea09o.jpg_250x250xz.jpg,Mobile Games Anti-Sweat Fingertips Mobile Game Touch Screen Finger tips Fingertips Finger Sleeve for Mobile Gaming,$0.30 - $0.35
https://s.alicdn.com/@sc04/kf/Hd6cf95a3beaf4a8db1d04c8dfd642f8fP.jpg_250x250xz.jpg,Wholesales Cheap Unlocked Classic Flip QWERTY Original Mobile Phone E90 for Nokia GPS Wifi Full Keyboard Cell phone,$140.00 - $146.50
https://s.alicdn.com/@sc04/kf/H7233f78b8b2643ecb0ba6da686f561acQ.jpg_250x250xz.jpg,custom Gaming big RGB Mouse Pad,$0.20 - $0.90
https://s.alicdn.com/@sc04/kf/H165cbb7a03f0433b83dabb3e93d1e410X.jpg_250x250xz.jpg,Caiul 2X3 Inch Sequins No Liquid Glitter Quicksand Tabletop Acrylic Photo Stand for Fujifilm Instax Mini Film Picture Frame,$0.85 - $1.00
https://s.alicdn.com/@sc04/kf/H0941ce1685694310925964a872490ca4O.jpg_250x250xz.jpg,4K 43/50/55/65/75 Inch UHD Led Television 4k Smart wifi TV 4K UHD Factory Cheap Flat Screen Television HD LCD LED Best smart TV,$185.00 - $335.00
https://s.alicdn.com/@sc04/kf/Uc4601797da744558a9636383746eda86P.jpg_250x250xz.jpg,Elekworld Hard Soft OLED GX LCDs Screen for iPhone X XR XS XS Max 11 12 Pro Max LCD Touch Screen Replacement Digitizer Assembly,$24.82 - $47.54
https://s.alicdn.com/@sc04/kf/Ua371d39bff9f4daf8f9750314e670477R.jpg_250x250xz.jpg,Hot Selling Unlocked Wholesale Cheap Flip Cell Phone For Sale GSM Old Mobile Phone T28s For Ericsson,$46.00 - $50.00
https://s.alicdn.com/@sc04/kf/H38eb105171cf48a891e9b2ca3204671dA.jpg_250x250xz.jpg,KingSpec Most popular PCIe SSD 256GB NVMe 256GB SSD FOR Computer,$12.40 - $13.10
https://s.alicdn.com/@sc04/kf/H344199a1160c4ad096cf55c183450b140.jpg_250x250xz.jpg,Wholesale Cellphone 32/64GB used 4G smartphone For Samsung A30 Celulares original A10 A20 A12 A50 A21 Used Mobile Phones,$55.00 - $59.00
https://s.alicdn.com/@sc04/kf/Hd233ff9c252d49cab686c6c1c6871c04k.jpg_250x250xz.jpg,"12 Pro 6.99 Inch Unlocked Smartphone Android 3G 6.99"" Cellphone with Real 1G RAM + 16GB ROM All Languages in Retail Boxes",$46.00 - $48.00
https://s.alicdn.com/@sc04/kf/Hdb8bd4720e4d47cc9182f3a3d8275e53I.jpg_250x250xz.jpg,For samsung s6 display For samsung s6 edge Plus display for samsung s6 edge screen for samsung s6 LCD touch screen,$17.30 - $20.70
https://s.alicdn.com/@sc04/kf/Hbcc8261ee4d14339a559e4d643d2d24aG.jpg_250x250xz.jpg,Youpin Qin 1S+ VoLTE 4G Network Wifi 4G+512MB 2.8 Inch 1480mAH BT 4.2 Infrared Remote Control GPS Dual SIM Card,$49.00 - $58.00
https://s.alicdn.com/@sc04/kf/H1581e8f87ab7420f87d01e2e2178f0acv.jpg_250x250xz.jpg,MV238FHM-N20 Full HD 1920*1080 IPS pc monitor computer 23.8 inch LED,$20.00 - $50.00
https://s.alicdn.com/@sc04/kf/H1a17603259734a3b81192aeccb11444cz.jpg_250x250xz.jpg,Factory supply smooth 3 axis gimbal stabilizers S5B for mobile and action camera with long lifetime,$31.00 - $31.90
https://s.alicdn.com/@sc04/kf/H8ab37836e3b843bab2d70fd29792c3b2h.jpg_250x250xz.jpg,For AirPods 1 2 Case Real Carbon Fiber Slim Shockproof Dirtproof Storage Case for AirPods 2 Cover For Air pods Protective Shell,$0.67 - $1.17
https://s.alicdn.com/@sc04/kf/H3781aad9769e4d3595c6a6fdc7497cd7V.jpg_250x250xz.jpg,Case for Xiaomi Pad 5 Pad 5 Pro 11inch BT Wireless Keyboard Cover With Russian Spanish English Korean Arabic Keyboard,$8.79 - $11.89
https://s.alicdn.com/@sc04/kf/H513e69b16a2041439099324014afa841b.jpg_250x250xz.jpg,Newest Design Colorful PC Case 120mm RGB LED Fan Liquid Cooler Cooling Fan Ventilador With ARGB Controller Set,$1.32 - $3.78
https://s.alicdn.com/@sc04/kf/H12627af2f8ab4161b0a2c65832278879D.jpg_250x250xz.jpg,Ancreu ONIKUMA K19 Wired Best Cost Performance Cheap PC PS4 LED RGB Gaming Headset for gamer,$5.90 - $6.19
https://s.alicdn.com/@sc04/kf/H11f37eaab9704e11b33098a97601e52bv.jpg_250x250xz.jpg,USB-C RGB Wired Stream Recording Desktop Studio Podcast Computer Condenser Microphone Kit Complete Recording Studio Equipment,$10.55 - $11.88
https://s.alicdn.com/@sc04/kf/H717188de714c4934840d075806684faeq.jpg_250x250xz.jpg,For Intel Core i7-3770 3.40 GHz Quad-Core Processor 8MB smart Cache Socket LGA1155 CPU,$28.50 - $29.50
https://s.alicdn.com/@sc04/kf/Had25b31fe20a48ffba9eaafffb9632c3V.jpg_250x250xz.jpg,2020 OEM VR Case 5 Plus headset vr 3D Glasses with remote controller,$3.50 - $8.50
https://s.alicdn.com/@sc04/kf/H646ecbdc36134bfb9ea9232c508b560bY.jpg_250x250xz.jpg,"2023 15.6 Inch Touch Screen 17.3"" 1080P WIFI Mobile USB IPS Display 4K 144HZ Gaming Portable Monitor with Battery",$57.00 - $120.00
https://s.alicdn.com/@sc04/kf/He6e10ea9aabb43a4896dcd1c48c1c8d5h.jpg_250x250xz.jpg,2020 Popular FM/MW/SW 9 band high sensitivity mini Kchibo pocket radio,$3.05 - $3.30
https://s.alicdn.com/@sc04/kf/He8c78a0f253145b2833e687b59f318f9i.png_250x250xz.jpg,T95 H616 4G/64G Wifi H.265 6K Smart Android Box Media Play Set Top BOX T95 TV Box Android 10.0 2g 16g 4g 32g 5g wifi,$14.00 - $15.50
https://s.alicdn.com/@sc04/kf/Hbb23d240c5aa40bb960a78371fd005944.jpg_250x250xz.jpg,Kids Camera Mini HD Screen 1080P Projection Video Camera Toys Children Baby Gifts Birthday Digital Kids Camera for kid,$2.20 - $4.80
https://s.alicdn.com/@sc04/kf/Hb61dd968f1264ff9a0c303e83f701d49X.jpg_250x250xz.jpg,14 inch 32+2TB super thin computadora portatil Intel N5095 laptop 16gb ram ordinateur portable yoga laptop brand new laptop,$142.00 - $269.00
https://s.alicdn.com/@sc04/kf/H93c68046dcc446949069add60a27807eF.jpg_250x250xz.jpg,HOT SONAC TG-Q5A 5.1 speaker home theatre system wireless speaker sound system portable outdoor subwoofer led stereo dj usb hifi,$54.86 - $55.74
https://s.alicdn.com/@sc04/kf/Hb0f68a0b60ba434ca529f42b0e98a0271.jpg_250x250xz.jpg,Wholesale 201 Core i5 i7 1st Generation Original Laptops 12 inches China Factory Notebook computer,$60.00 - $90.00
https://s.alicdn.com/@sc04/kf/H4af3350008c248a2b3d9ca8c72ba4f47R.png_250x250xz.jpg,Computadora full ordinateur best price i5 16 ram set core 3080 computer i7 rtx 3090 i9 desktop completo gaming pc gamer,$199.00 - $299.00
https://s.alicdn.com/@sc04/kf/Hff2ed7c8377c4b4e9a861d67886a31c4m.jpg_250x250xz.jpg,ALOVA Bone Conduction Earphone Glasses with Speaker Wireless Bluetooth Smart Audio Headphone Sunglasses,$1.00 - $33.00
https://s.alicdn.com/@sc04/kf/H7d211948dbc14a53b9a56be5a6e00ea0C.jpg_250x250xz.jpg,Wholesale X60 Core Duo Original Laptops 12 Inch Low Price laptop Core i5 i7 Notebook Computer,$55.00 - $85.00
https://s.alicdn.com/@sc04/kf/H8099a300d18c4e49af75bcbabff7421as.jpg_250x250xz.jpg,Good quality portable 2.5 inch USB3.0 to sata external hard disk drive carrying case hdd case 2.5 usb 3 for sale,$1.28 - $1.32
https://s.alicdn.com/@sc04/kf/Hd577d389e3284b9489f5514e22c7bd4bU.jpg_250x250xz.jpg,Sim Card Bonding Router Hotspot Wifi Router 5dbi*4 5.8ghz 1200mbps Multi 5g 4g Wireless 4g Lte Advanced Mobile Wifi 2.4G & 5G,$15.80 - $18.80
https://s.alicdn.com/@sc04/kf/H225b7523cf7e4be4bada471b96a64654e.jpg_250x250xz.jpg,CYKE H4 Gimbal 3 Axis Cell Phone Control The Focal Length Professional Stabilizer Face Tracking Vlog Selfie Stick F6,$29.41 - $30.88
https://s.alicdn.com/@sc04/kf/H8f2c163ef8f140bebbdbc0744f85b675N.jpg_250x250xz.jpg,Wholesale Price 1.3 Mega HD DV SLR Camera 2.4 inch LCD Full HD 720P Recording EIS Supply Dropshipping Cheap Toy Camera,$18.50 - $23.00
https://s.alicdn.com/@sc04/kf/H8f97c76ca1b14050b138fec10d7d730fD.png_250x250xz.jpg,Lenovo LivePods LP7 TWS Earphone Wireless HIFI Sound Quality Headphone IPX5 Waterproof Long Battery Life Lenovo LP7,$11.36 - $12.31
https://s.alicdn.com/@sc04/kf/H50e26b58cd8e4acb8669f30907a04a12l.jpg_250x250xz.jpg,Q08 Gimbal Stabilizer 360 Rotation For Phone Selfi Stick With Hidden Tripod Mobile Single Axis Gimbal Video for Tik tok,$8.53 - $8.97
https://s.alicdn.com/@sc04/kf/Hd8560e28b6374290b9f40222755a049ac.png_250x250xz.jpg,4K tv stick 5G Wireless wifi HDMI display for chromecast 3 2 miracast airplay DLNA dongle anycast for Google home chrome netflix,$1.00 - $9.58
https://s.alicdn.com/@sc04/kf/Hdebe87267f4b4857bdffcd2f9ac2c6eaD.jpg_250x250xz.jpg,youtube Private Mode night vision wifi Touch Screen 4K camcorder digital professional 4K full hd professional Camera Video,$55.95 - $90.43
https://s.alicdn.com/@sc04/kf/H5cc7ba68e3a84992ad068429e0ff3d9fI.jpg_250x250xz.jpg,Custom Logo Printing pendrive 4GB 8GB 32GB 16GB 64GB Thumb Drive 2.0 3.0 Usb memory stick 128GB Wholesa USB Flash Drive,$0.78 - $3.35
https://s.alicdn.com/@sc04/kf/H3671debe7bd44d299a6925b25fd00bebt.jpg_250x250xz.jpg,AIYIMA 2Pcs 40MM Mini Audio Portable Speakers 16 Core 4 Ohm 5W Full Range Speaker Rubber Side NdFeB Magnetic Speaker,$4.80 - $6.30
https://s.alicdn.com/@sc04/kf/H0beabc50e5984ff79ed78b97a7af0a9fq.jpg_250x250xz.jpg,"Photo Studio Softbox 50x70cm 20"" x 28"" Photography Softbox",$4.40 - $5.00
https://s.alicdn.com/@sc04/kf/Hb54276bc188f41efadf8ed740e0af4670.jpg_250x250xz.jpg,RII I8+ Backlit keyboard Mini Wireless Keyboard 2.4G with Touchpad Handheld Keyboard for PC Android TV Box,$1.90 - $2.50
https://s.alicdn.com/@sc04/kf/Hd5c2df4d1a264f638f7f8d2bb61278f1D.jpg_250x250xz.jpg,Christmas Gifts M8 Family TV 64G Built-in 20000 Games Stick 2.4G Wireless controller gamepad 4K HD Video game Console,$8.73 - $8.99
https://s.alicdn.com/@sc04/kf/H27e9bbf1ed8549929c77d90ae3d45c38p.png_250x250xz.jpg,2022 MECOOL KM2 Ne-tflix 4K Amlogic S905X2 2GB 8GB dual wifi Google Android 10 4K Streaming Smart Android TV Box Set Top Box,$36.12 - $46.48
https://s.alicdn.com/@sc04/kf/H3147ebb1229e48799f5784251e911a57p.jpg_250x250xz.jpg,Low Price Tenda Router wifi 300mbps 2.4GHz 5dBi Wifi Router English Software Used Router Tenda F3,$2.90 - $3.30
https://s.alicdn.com/@sc04/kf/Hef0f4e3c87124c8898576ef54c362e5c7.jpg_250x250xz.jpg,Cheapest Pos Q2I Android 8.1 Handheld Android Pos Terminal Printer 58mm android mobile printer PDA,$75.00 - $80.00
https://s.alicdn.com/@sc04/kf/Hc37baa607f3b42feadb44f4ba66d3496u.jpg_250x250xz.jpg,"Customized B27 Hot Selling TV Wall Mounts Bracket Support 14"" -42""",$0.50 - $0.55
https://s.alicdn.com/@sc04/kf/H35914a8c40ec4a639dcc396d41e6f6f1J.jpg_250x250xz.jpg,wholesales pc cabinet gabinete gamer computador oem computer cases & towers desktop gaming CPU computer hardware custom pc case,$15.90 - $17.90
https://s.alicdn.com/@sc04/kf/H50831dcb3e72424ca8b92b432d282584K.jpg_250x250xz.jpg,"24"" 27 "" Core I3 I5 I7 Business Aio Cheap Laptop Monoblock Desktop Computer Barebone Touch Screen All In One Pc Gamer",$98.00 - $168.00
https://s.alicdn.com/@sc04/kf/H323919e059ab428791626bc3e33fdb67T.jpg_250x250xz.jpg,8-In-1 USB Type C Hub Multiport Adapter Hub Dock 8 In 1 USB C Type C Hub With 4K HDTV HDMI USB 3.0 SD TF Card Reader PD Charging,$4.69 - $4.94
https://s.alicdn.com/@sc04/kf/He00bfd10a6234c1fa53597a6c7bd8de5n.png_250x250xz.jpg,Usb Wired Rgb Colorful Lighting Effect X2 Computer Speakers For Computer Audio Multimedia Usb Subwoofer Desktop Game Audio,$2.40 - $2.60
https://s.alicdn.com/@sc04/kf/Hf1f1f4e6425b472bb29f74793d94a8611.png_250x250xz.jpg,zero client rdp8.1 computer linux quad core 1.5Ghz ARM RK3328 pc station thin client computing rdp pc with wifi,$27.55 - $33.25
https://s.alicdn.com/@sc04/kf/Ha48cd26eaa2241b08ee371b522b1c1e6m.jpg_250x250xz.jpg,Men's and women's wireless headset nightcap sports headset with speaker training jogging yoga headband hairband,$19.00 - $19.30
https://s.alicdn.com/@sc04/kf/Hc0d7049993314d01921a9d5db029d986h.jpg_250x250xz.jpg,Mi 10T Spare Parts LCD Pantalla For Xiaomi Mi 10T LCD Ecran Display With Touch Screen Digitizer Assembly,$20.73 - $24.88
https://s.alicdn.com/@sc04/kf/Hc6b46c7ab26845008a4871723afbac4fD.jpg_250x250xz.jpg,Open Style 13.3 15 17 18.5 19 21.5 23.6 27 32 Inch Capacitive Touch Screen Monitor Industrial Open Frame Lcd Monitor,$145.00 - $238.00
https://s.alicdn.com/@sc04/kf/H8969d4ef33af463dbccc35548ffc3a90S.jpg_250x250xz.jpg,2023 Mini Toy Foldable Drones E88 Pro Dron With Kids Dual Camera 4K HD Profesional video E88 Pro Drone,$1.10 - $7.01
https://s.alicdn.com/@sc04/kf/Hef7f34c60c964cf8b6f4ad9f565f570de.jpg_250x250xz.jpg,15.6 inch FHD 1080P IPS Screen Dual Speakers Type-C HD Mini Portable Monitor for Laptop PC Phone Switch PS5,$84.48 - $96.48
https://s.alicdn.com/@sc04/kf/H782cfbfa931344e2848a73ec70c0fc1bO.jpg_250x250xz.jpg,High Quality 50 55 60 65 70 75 80 85 90 95 100 105 110 Velvet Protein Leather Earpads for Most Headphone with different sizes.,$1.00 - $2.34
https://s.alicdn.com/@sc04/kf/H05f3d2417e3c46349d2bff637def609bb.jpg_250x250xz.jpg,Satin ribbon multiple Color Wholesale Customer Made Width Solid Colorful Satin Ribbon,$315.00 - $335.00
https://s.alicdn.com/@sc04/kf/H6a0d8b47e9574ec89a3f7619f0867892w.jpg_250x250xz.jpg,Mpow Flame Solo Wireless Earphones TWS BT5.0 Earbuds with ENC Noise Cancellation Mic IPX7 Waterproof for Running Sport,$15.50 - $21.50
https://s.alicdn.com/@sc04/kf/H3dd96a1371a44fff8ee1a02022d0e13ao.jpg_250x250xz.jpg,MXQ PRO set top box RK3229 2GB/16GB 4k HD player Network TV BOX,$11.12 - $12.70
https://s.alicdn.com/@sc04/kf/H93535c93ed8c4b25b20cbc670f7d578f8.jpg_250x250xz.jpg,Insta360 ONE X2 FlowState Stabilization Panoramic Action Camera 5.7K 30fps LCD Touch Screen 10m Body Waterproof HDR APP Editing,$403.03 - $689.53
https://s.alicdn.com/@sc04/kf/Hb056c7872ef84d1ca5289b686067d4faC.jpg_250x250xz.jpg,Life's Good DVD-3800 Pro High quality 3D blu ray dvd player with full input DVD Player For Home,$13.17 - $14.17
https://s.alicdn.com/@sc04/kf/H70f7805290a44e89b10815c403702ee0g.jpg_250x250xz.jpg,High Quality 4K HDMI Video Capture Card HDMI To USB 3.0 Record Audio Video Capture Card Box 4K 60fps,$7.58 - $7.97
https://s.alicdn.com/@sc04/kf/H8ffe73e664c74e7393154a21cc64ad8b9.jpg_250x250xz.jpg,ATX pc Power Supply 1000w 1200w Computer PSU 1200 Watt,$32.00 - $42.00
https://s.alicdn.com/@sc04/kf/H7cdc0c861ae14a0bb9befee97bf97369x.jpg_250x250xz.jpg,R1 Fast Charging 10W Automatic Clamping mobile Phone Air Mount Car Wireless Charger Holder bracket stand For iPhone For Huawei,$1.69 - $3.45
https://s.alicdn.com/@sc04/kf/H1b43e1df3344428aaeb7beb2d8241eebj.png_250x250xz.jpg,G21 High Sensitive Metal Trigger Six Finger Aim Shooter Fire Button Mobile Game Controller Android ios phone for pubg,$1.70 - $1.90
https://s.alicdn.com/@sc04/kf/Hbf2f7b45f91642aaa1ab9c5a273d30e0v.jpg_250x250xz.jpg,Tuya 9W E27 WiFi Smart Light Bulb LED Lamp App Operate Operate Alexa Google Assistant Voice Control A19 Smart Bulbs Led Light,$2.59 - $4.35
https://s.alicdn.com/@sc04/kf/H291bc70660794c9fb85b39817ce184c6g.jpeg_250x250xz.jpg,CoolRabbie 2023 Removable Controller&Headsets Wall Mount Holder Bracket Hanger For PS5 Stand,$0.49 - $0.89
https://s.alicdn.com/@sc04/kf/Hd373fff2531b49cca9cfd5c985a08c1bp.jpg_250x250xz.jpg,"UV Sanitizer, Disinfection UV Sterilized Charging Box for Mobile Phone Watch Earphone Uv Sanitizer and Wireless Charger",$14.28 - $15.88
https://s.alicdn.com/@sc04/kf/H3c575637a63b483b936e3714a46fa29dU.jpg_250x250xz.jpg,Ring Light 18 Inch Led Wall Mounted Ring Light for Barber Shop Studio Makeup Photography with Stand Phone Holder Remote,$18.33 - $19.88
https://s.alicdn.com/@sc04/kf/Hd7b2a63345dd4a21a1835bbdd8c58e592.jpg_250x250xz.jpg,"weier 19"" inch computer desktop monitor 1080P TFT gaming PC monitor",$14.40 - $20.00
https://s.alicdn.com/@sc04/kf/H5e2c280534434ce6ac53444f62f6e320K.jpg_250x250xz.jpg,GeForce 6gb Graphic Card 1660 GTX 1660 Super DDR6 New 1660Ti Support Graphics Card,$70.00 - $160.00
https://s.alicdn.com/@sc04/kf/H8291eee278a34cdebb92497c0a1d3b8e6.jpg_250x250xz.jpg,For Google Pixel 6 Case Metal Magnet Ring Holder Phone Case for Google Pixel 6 Pro,$1.09 - $1.23
https://s.alicdn.com/@sc04/kf/H8bb37c2df5d041ddb0ee65cdd88eaa4dK.jpg_250x250xz.jpg,New Arrival Customised Personal Portable Transparent Walkman Audio MP3 Converter Cassette Player,$11.52 - $18.50
https://s.alicdn.com/@sc04/kf/Hb07a816681764159ad3460b34e75fb37f.jpg_250x250xz.jpg,USA Canada UK Germany Sweden Italy Netherlands Arabic Holland Linux 8K 4K IP Box QTV TVIP XTV SE2 4K LINUX TV BOX Free Test,$13.00 - $16.00
https://s.alicdn.com/@sc04/kf/Haeab6c79a5b94ba6a6a54d052ece16728.jpg_250x250xz.jpg,IPX7 Headphones Smart Bluetooth Glasses Wireless Bluetooth Bone Conduction Sunglasses,$2.98 - $45.00
https://s.alicdn.com/@sc04/kf/Hb6ba8f602ea34da69c4e7c53bfc1da5dP.jpg_250x250xz.jpg,Xtuga Microphone Recording filter Microphone foldable vocal booth Microphone Isolation shield studio equipment,$23.25 - $30.78
https://s.alicdn.com/@sc04/kf/H10d17d36f8174e4eac35eac2e40a23f3V.jpg_250x250xz.jpg,Hobbywing Combo Pump 8L Brushless Water Pump 10A 14S V1 Sprayer Diaphragm Pump for diy agriculture drone kit,$42.00 - $52.00
https://s.alicdn.com/@sc04/kf/Hb3162e813b26428c8a02b2a1a92c823cH.jpg_250x250xz.jpg,kimiso QS-222 Best selling multi function outdoor wireless speaker with karaoke system with usb,$15.07 - $17.34
https://s.alicdn.com/@sc04/kf/He96c3931d85740e49545256f37ef0d09w.png_250x250xz.jpg,1U Rack Mount Server Computer 6 LAN 82583V Gigabit Ethernet 3855U Mini ITX Motherboard RouterOS VPN pfsense Firewall PC Barebone,$300.00 - $448.98
https://s.alicdn.com/@sc04/kf/H213dcbdbca034d01a8bfaa15af64dedb3.jpg_250x250xz.jpg,Hot sale best cheap oem 256GB 512GB 1TB ordinateur portable gaming laptops notebook,$113.00 - $123.00
https://s.alicdn.com/@sc04/kf/H6f7c70a3f0cc4ae798045f0105842627Z.jpg_250x250xz.jpg,Factory 4K 1080P IPS Eye Care Screen 13.3 14.0 15.6 17.3 Inch Gaming HDR FreeSync Touch Portable Monitor for Laptop Phone,$72.00 - $175.50
https://s.alicdn.com/@sc04/kf/Hcdd7daf117de4f8488f2913a8f92adccz.jpg_250x250xz.jpg,Wholesale Ulefone Armor 11T Rugged IP68 Waterproof 256GB Thermal Camera Global 5G Network Smart Phone,$415.00 - $455.80
https://s.alicdn.com/@sc04/kf/Hb13c2dfbc4684c239037cf8a67ee0350E.jpg_250x250xz.jpg,"Jmgo O1s Projector, 1080p Full Hd UST Proyector, Large Screen Smart Home Theater Dvd Video Home Full LED Ust Projector",$199.99 - $399.99
https://s.alicdn.com/@sc04/kf/H4fde6cda29cd47c18898d2d63e86871b8.jpg_250x250xz.jpg,Factory direct sell For Samsung Galaxy A10 A 20 A30 A40 A50 A70 LCD without frame Display Screen A10 A20 A30 A50 A70 pantallas,$5.50 - $7.90
https://s.alicdn.com/@sc04/kf/H075e64d07c0b4afd9a8a2352ee84acdc9.png_250x250xz.jpg,R15 Gamepad Joystick For Mobile Gaming Trigger Smart Fire Button Aim Trigger Key L1R1 Shooter Controller For Mobile Phone Game,$2.30 - $2.60
https://s.alicdn.com/@sc04/kf/H2d84599ec41747d9984f3b77a38e91cch.jpg_250x250xz.jpg,DDR3 2GB 4GB 8GB 16GB 1333MHz 1600MHz desktop PC longdimm ram memory,$5.00
https://s.alicdn.com/@sc04/kf/Had5ca1f3584d44599e1f3994f901dad2l.jpg_250x250xz.jpg,Top 1 High performance Magicard K Most Reliable PVC card printer single/ double-sided ID card printer,$780.00 - $790.00
https://s.alicdn.com/@sc04/kf/Hab6d820576504132959fc057b49cf768d.jpg_250x250xz.jpg,STARTRC 4th Axis Gimbal Stabilizer with Neck Strap Lanyard for DJI Ronin S SC Osmo Mobile 4 3 Handheld Gimbal Camera Accessories,$36.03 - $37.50
https://s.alicdn.com/@sc04/kf/H13f4c00733dc419daf72cec3e9674ea0Y.jpg_250x250xz.jpg,Original TF Card For Samsung EVO Plus 32GB 64GB 128GB 256GB 512GB Micro TF SD Card U3 SD Memory Card For Mobile Phones 4K Camera,$2.90 - $9.90
https://s.alicdn.com/@sc04/kf/Hf0d9a98f9696468f80e9078da5f1ce745.jpg_250x250xz.jpg,High Speed Ultra HD 4Kx2K 4 Port 4Port HDMI Video Splitter 1x4 4K30Hz HDMI V1.4 Splitter 1 In 4 Out 4K 3D 1080P,$2.80 - $2.99
https://s.alicdn.com/@sc04/kf/Hff3c936733a9493d9a16374627ab3684a.jpg_250x250xz.jpg,Good Quality Mobile Phone Camera Front Back Rear Cameralens For Samsung Galaxy S20 Ultra NOTE 10 S10 S20 S21 Plus,$1.90
https://s.alicdn.com/@sc04/kf/Ha894631ac787419a81980393cd56b491q.png_250x250xz.jpg,BH10 Customize graphic logo earphone headphone manufacture wireless rgb light gaming over ear headphones bluetooth headset,$5.68 - $15.88
https://s.alicdn.com/@sc04/kf/Hbc978b1b96b449bfaf4e509581b9ff92l.jpg_250x250xz.jpg,Professional BS-18E Soundbar Subwoofer 75W Big Watt Pure Bass High Quality Audio Amplifier Speaker BT5.0 Hifi Home Theater,$53.65 - $66.78
https://s.alicdn.com/@sc04/kf/A5a8579806b454662b4012d28ababbc4ef.png_250x250xz.jpg,Block the light and give shade to the roots Allow air flow under the pot Cooling Skirt Blueberry Grow Pots Cover,$0.10 - $0.25
https://s.alicdn.com/@sc04/kf/Hf2067e9593064ba19db622199c6f8fd9T.jpg_250x250xz.jpg,Disposable Pillow Cases White Pillow Covers Bulk Pillow Sheets for Hotels Single Use Pillowcase,$0.01
https://s.alicdn.com/@sc04/kf/H9740b46307ec446d94efab124f1a7ffaR.jpg_250x250xz.jpg,Washable Waterproof Pillow Protector Set Of Zippered Polyester Knitting Fabric Soft Luxury Cushion,$1.90 - $2.90
https://s.alicdn.com/@sc04/kf/H6ffdb7c28e36470f8ec1f6d83293c3f4I.png_250x250xz.jpg,cheapest non woven fabric geo textile garden supplies blueberries vegetable grow bags 20 gallon,$0.10
https://s.alicdn.com/@sc04/kf/H27b4234597cb41c4ab056cdba6f397dbZ.jpg_250x250xz.jpg,40oz Tumbler with Handle and Straw Lid coffee Insulated Cup Reusable Stainless Steel Water Bottle Travel Mug Cupholder Friendly,$0.60 - $0.80
https://s.alicdn.com/@sc04/kf/Hef43a77af0344855b3b39dc1f095d585m.jpg_250x250xz.jpg,New Creative indoor home decor cute cactus artificial succulent plant pot with planters,$1.89 - $2.12
https://s.alicdn.com/@sc04/kf/H06071bd9ca444b04a62af3a6c63e64034.png_250x250xz.jpg,Custom 100% Tencel Lyocell Eucalyptus Fiber Pillow Case Slip Silk Pillowcase,$3.98 - $4.98
https://s.alicdn.com/@sc04/kf/H8eb84ebd85ef427daf1a183aa9afc022i.jpg_250x250xz.jpg,Luxury Jacquard Pillow Cover Decorative 18*18 inches Luxury Pillowcase Throw Pillow Covers Home Decor Cushion Cover,$2.51 - $5.62
https://s.alicdn.com/@sc04/kf/H9f4a16000f624d78b37c5ec22d8e57a18.jpg_250x250xz.jpg,Professional Manufacture Kitchen Tools Silicone Kitchen Accessories Cooking Utensils Set Customized Logo Sustainable 3000pcs,$0.55
https://s.alicdn.com/@sc04/kf/H4de185757641415bbd73cf082cdab978m.jpg_250x250xz.jpg,mini fan portable electrical floor air cooling standing fan fans for home,$0.89 - $0.99
https://s.alicdn.com/@sc04/kf/H19d641156c034a7ca76cb4e6a2f8582ea.jpg_250x250xz.jpg,Thickened water proof bed cover custom size Mattress protective cover waterproof bed sheets wholesale,$1.80 - $2.80
https://s.alicdn.com/@sc04/kf/Ha8ad9ebabb2a481c880ede41cf09364bf.jpg_250x250xz.jpg,Solid Color Velvet Cushion Cover MultiColor Pillow Cover For Sofa Office Waist Back Cover Home Decorative Pillowcase Decoration,$0.70 - $0.90
https://s.alicdn.com/@sc04/kf/Hc5316fa7c5004837a369800bba65d57eo.jpg_250x250xz.jpg,Custom printed embroidery logo silk eye mask and scrunchie silk pillow case 100% pure mulberry silk pillowcase set,$3.99 - $21.49
https://s.alicdn.com/@sc04/kf/H47d60dacad0443ce9a849d0df5063f995.jpg_250x250xz.jpg,Factory wholesale Mouthwash Cup Portable Toothpaste Toothbrush Protect Holder Case Travel Camping Storage Box Toothbrush Cup,$0.08 - $0.14
https://s.alicdn.com/@sc04/kf/Hbc7ec422031747a19bdbbc5ce23c3208q.jpg_250x250xz.jpg,"10 Pack Glass Food Storage Containers, Glass Meal Prep Containers with Lids Leak Proof, Microwave & Freezer Safe (34oz & 12oz)",$0.98 - $1.90
https://s.alicdn.com/@sc04/kf/Hbdc0d33043d24597b59243364f2967fbO.jpg_250x250xz.jpg,factory outlet 1:2.05 ejection throwing alloy model cannot fired detachable Colt 1911 gun metal pistol model,$27.00 - $30.00
https://s.alicdn.com/@sc04/kf/H2f421400c71344ea8b2d3c84de881097L.jpg_250x250xz.jpg,custom pure silk pillowcase eye mask silk scrunchie with box 100% real mulberry silk pillow case set for night,$2.83 - $9.48
https://s.alicdn.com/@sc04/kf/Hc3e5bc2dc71f4196a907e4fefe09392fO.jpg_250x250xz.jpg,Fancy 50x50 Custom Printed Christmas Deer Printing Square Sublimation Cushion Cover For Sofa,$2.50 - $3.00
https://s.alicdn.com/@sc04/kf/Hc904e1dbd7ce4276ac1ed068336cdfd8X.jpg_250x250xz.jpg,Wholesale Butterfly LED Night Light Color Changing Light Wall Lamp Nightlight Bedroom Home Smart Outdoor Garden Animal Lights,$0.07 - $0.10
https://s.alicdn.com/@sc04/kf/Hd802d419e8e94d0db45a59835d3b1df99.jpg_250x250xz.jpg,Hot Sale Vapers Light Smoke For Smoker,$0.50 - $3.50
https://s.alicdn.com/@sc04/kf/H1fc180665a1f443ab7ea453c2f451bc21.png_250x250xz.jpg,SF400 Electronic kitchen scale 1KG 5KG 10KG 0.1g 1g SF 400 digital electric Food Kitchen scale,$0.49 - $0.99
https://s.alicdn.com/@sc04/kf/Hb43845ea5be540b0a780cdd3f7b14baci.jpg_250x250xz.jpg,Cushion Cases Christmas Peach Velvet Home Decor Pillowcase Red Square Pillow,$0.69 - $0.99
https://s.alicdn.com/@sc04/kf/Haa4d4095717a46dbb13440f57c48c0d7I.jpg_250x250xz.jpg,Stainless Steel Boning Knife Kitchen professional Butcher Knife Butcher Knife Set,$0.94 - $2.58
https://s.alicdn.com/@sc04/kf/He05c3d94a2934ceaa26cb8d038e06343U.png_250x250xz.jpg,Factory wholesale 16L Plastic trash can manufacturer's new electric intelligent automatic sensor touchless smart Bote de basura,$2.47 - $8.36
https://s.alicdn.com/@sc04/kf/H210c4428e8e340fb998895db4e88649dd.jpg_250x250xz.jpg,Cheap Fashion sac femme Minimalism Square Shoulder Bags Chains Lingge Pattern Crossbody Bag for Women Purses and Handbags,$1.15 - $2.17
https://s.alicdn.com/@sc04/kf/H3c170e0654854dc2a3a7d9c290608b72M.jpg_250x250xz.jpg,Thickening Type Living Room Artificial Cashmere Polyester Children Carpet,$0.65 - $0.70
https://s.alicdn.com/@sc04/kf/Hb3c1c6d95c5d436581e8f947a531448e1.jpg_250x250xz.jpg,Super Soft Plush Fur Area Rug For Living Room Bedroom Fluffy Faux Fur Rug Custom Luxury Carpet And Rug,$0.70 - $0.77
https://s.alicdn.com/@sc04/kf/H5913107b24414dd0a6bfbc94f5821dbeS.png_250x250xz.jpg,Wholesale Private Label Luxury candle scented gift set packaging box with bag,$0.15 - $0.72
https://s.alicdn.com/@sc04/kf/H2930a3cd89754d87b236a05fd0577699a.jpg_250x250xz.jpg,Wholesale High Quality 100PCS/Pack Dollar Euro Invalid Prop Money Dollar Wedding Movie Drama Prop,$0.02 - $0.03
https://s.alicdn.com/@sc04/kf/H8eb9a640969b405381abedde35457aa7J.jpg_250x250xz.jpg,1Pc Stainless Steel Salt and Pepper mill grinder Spice Herp Glass Muller Hand Mill Grinding Bottle Kitchen Gadgets Glass Tools,$0.26 - $0.49
https://s.alicdn.com/@sc04/kf/H50331194767d4d13adeda8468d5dfe23w.jpg_250x250xz.jpg,70X140 Hotel Compress Body Towels Large Disposable Compressed Bath Towel,$0.02 - $0.03
https://s.alicdn.com/@sc04/kf/H62742874b1f545519b3810e38ce443ceg.jpg_250x250xz.jpg,Premium 100% Cotton Bath Towel Set for Hotels Custom Soft Lint-Free Luxury Boxed Gift,$0.71 - $1.25
https://s.alicdn.com/@sc04/kf/Hed359e1c72b1421cac730ca4ae8b87567.png_250x250xz.jpg,Granite Pot Cookware Set White Restaurant Commercial Nonstick Kitchenware Cookware Set,$9.80 - $10.00
https://s.alicdn.com/@sc04/kf/Hd4e8ab56c1cc429c9abd47b71c1d578cX.jpg_250x250xz.jpg,Customized Household High Temperature Resistant Glass Water Bottle Cup Set Gift Box Customized Imprinted Text Logo Flower,$0.99 - $1.29
https://s.alicdn.com/@sc04/kf/Hb7df7c7f3f89418d988b866344ad3b90P.jpg_250x250xz.jpg,Solid color temperament ladies bag 2024 storage trend Korean summer new stone underarm bag leisure shoulder clutch bag,$0.22 - $0.72
https://s.alicdn.com/@sc04/kf/H7ae4634661984726a2a24c01fe975253a.jpg_250x250xz.jpg,Toilet Deodorization Fragrance Machine Flame Diffuser Air Freshener Automatic Fragrance Spray Essential Oil Aromatherapy Machine,$0.50 - $1.20
https://s.alicdn.com/@sc04/kf/Hccbe3902b81e44b2a6bc095f3f60d331V.png_250x250xz.jpg,Wholesale Super Soft Bathroom Towel Set Custom Multicolor Coral Fleece Bath Towel Sets,$0.30 - $0.63
https://s.alicdn.com/@sc04/kf/H0c2872a4ce2b4ff987c906befd19bd74O.jpg_250x250xz.jpg,Custom 4 Kinds of Skin Friendly with Strong Water Absorption Disposable Bath Towel Hotel Bath Towels,$0.35 - $0.43
https://s.alicdn.com/@sc04/kf/H7aa520d2197f48fa92ecb949a18cf487v.jpg_250x250xz.jpg,Scalable Rotating Mobile Phone Holder Tablet Stand Desk 360 Rotate for Desktop Live Streaming Overhead Shoot Video Round Base,$0.09 - $0.25
https://s.alicdn.com/@sc04/kf/H59084e10993247c286c76d93c7f0b486V.jpg_250x250xz.jpg,2 in 1 Mobile Phone Holder Tablet Stand Desk 360 Rotate for Desktop Live Streaming Overhead Shoot Video Round Base,$0.09 - $0.25
https://s.alicdn.com/@sc04/kf/H68494c68afd54f5ea4a87a0d3d1cf68eT.png_250x250xz.jpg,Factory Wholesale 10pcs Stainless Steel Gold handle Soup Pots Cooking Pots Milk Pots And Pans casserole Kitchen Cookware Sets,$0.85 - $6.27
https://s.alicdn.com/@sc04/kf/H8d7d8ee91e8043feb4a4cf8d4be888b6Q.jpg_250x250xz.jpg,2024 Outdoor Lighter Big Torch Lighter Style Lighter High Temperature Kitchen,$3.79 - $4.34
https://s.alicdn.com/@sc04/kf/Hc6692a100cd74fb7934c6877ddb4c027y.png_250x250xz.jpg,Home Fragrance 50ML Fashion Glass Bottle Fruity Scent Perfume Essential Oil Diffuser Scent Reed Diffuser,$0.32 - $0.35
https://s.alicdn.com/@sc04/kf/H8a3ad1cc8ca2492d8692f20f3e1bd000B.jpg_250x250xz.jpg,Wholesale 2024 6 inch 16cm LED Ring Fill Light Lamp Vlogging Video Light Live Broadcast Kit with Dual Phone holders,$0.88 - $1.31
https://s.alicdn.com/@sc04/kf/H793aca87d1ed4286803dd3569f689a69G.jpg_250x250xz.jpg,Hot Sale Folding Foot Soak Bucket Plastic Foot Bath Foot Soak Basin Massage Household Adult Footbath With Handle,$1.28 - $1.60
https://s.alicdn.com/@sc04/kf/H24cc5d350e2146d3afdebb3a7989f538U.jpg_250x250xz.jpg,Hot Sells Electric Gel Ball Blaster Toys Eco-FriendlySplatter Ball Blaster Automatic Outdoor Games Toys forActivities Team Game,$7.80 - $8.80
https://s.alicdn.com/@sc04/kf/Hc4c7a05417054d1b8a05ceff4de9c7d8t.jpg_250x250xz.jpg,380Ml 510Ml Smart Temperature Display Stainless Steel Coffee Cup Double Wall Travel Office Coffee Vacuum Cup With Lid,$0.68 - $0.99
https://s.alicdn.com/@sc04/kf/H35b7788b523d40c0ac5442fb6ff6f8f0H.jpg_250x250xz.jpg,FACTORY tumbler 500ML termos de agua gym water bottle vaso termico inox vasos de acero inoxidable stainless steel water bottle,$0.68 - $0.99
https://s.alicdn.com/@sc04/kf/H8cc71af9265448148e1e57ba9c79d100N.jpg_250x250xz.jpg,40x40cm 500gsm Edgeless Plush for Car Wash Car Drying Towel Microfiber Towel Kitchen Customized Microfiber Cleaning Cloth Car,$0.03 - $0.05
https://s.alicdn.com/@sc04/kf/H7c29f7bd5a0a4cbeb0dc4760e5072ab9c.jpg_250x250xz.jpg,Popular Stock Multifunction New Wall Phone Holder Adhesive Mobile Phone Wall Charger Holder And Remote Control Stand,$0.04 - $0.08
https://s.alicdn.com/@sc04/kf/Ha18225f996704d21980af247dfa60fbau.jpg_250x250xz.jpg,New 2024 clean degerming cleaning multifunctional floor mop magic rotation healthy detachable microfiber easy water spray mop,$1.78 - $2.25
https://s.alicdn.com/@sc04/kf/H38e24bb9f64f47798bae957c753f6f7cN.jpg_250x250xz.jpg,FACTORY tumbler 500ML termos de agua gym water bottle vaso termico inox vasos de acero inoxidable stainless steel water bottle,$0.68 - $0.99
https://s.alicdn.com/@sc04/kf/Hf53c6e22411944788644c1bb0e95dde6M.jpg_250x250xz.jpg,Simple Design Fashion Travel Water Bottle Double Walled Water Bottle Travel Drinking Flask With Lifting Rope,$0.29 - $0.33
https://s.alicdn.com/@sc04/kf/H5b03654d699f48beb5e30576662d8413d.jpg_250x250xz.jpg,"6-Piece Printed Ultra-Soft Microfiber Sheet Set, Comfortable, All-Season Bed Sheets",$10.00 - $11.20
https://s.alicdn.com/@sc04/kf/H5b866ffcb0cf4a2daabeb6e401065c655.png_250x250xz.jpg,Multiple models of household water basins multi functional thickened plastic basins Circular basin for laundry bathroom kitchen,$0.95 - $1.45
https://s.alicdn.com/@sc04/kf/H09b35d2f430743849b9dfcf449d49818H.jpg_250x250xz.jpg,Custom 100 Dollar Bank Ancestor Money Notes Movie Prop Money Uk Prop Money For Party Game,$0.60 - $2.00
https://s.alicdn.com/@sc04/kf/Hb227e204b2f643388c860247e13d2cdby.jpg_250x250xz.jpg,Wholesale Gas Lighter Gun 9mm Pistol Metal Body Stainless Steel Lighter Windproof Luxury Cigarette Lighter,$3.00 - $3.50
https://s.alicdn.com/@sc04/kf/H2fa257a101cb4e7f83a445bb119be0d4q.jpg_250x250xz.jpg,Home Decor Ins Dressing Non Glass Wall Sticker Bathroom Full Body Plastic Compact Self Adhesive Custom Mirror Sticker,$0.90 - $1.10
https://s.alicdn.com/@sc04/kf/H974234febee34e188abc576ea1c5906bD.jpg_250x250xz.jpg,Mouthwash Cup Portable Toothpaste Toothbrush Protect Holder Case Travel Camping Storage Box Toothbrush Cup,$0.10 - $0.17
https://s.alicdn.com/@sc04/kf/Hda15dad3c44f443c8270ef77b835f7b64.jpg_250x250xz.jpg,hot sale creative fashion thermos cup new arrival custom logo stainless steel cup high temperature resistance vacuum cup,$0.07 - $0.25
https://s.alicdn.com/@sc04/kf/H528f108f05224b6faab40dc54743ce51g.jpg_250x250xz.jpg,2024 Usa Stock Factory New Arrival 0.95l Fastgas 580g Cream Charger Cylinder Whipped Cream Charger,$5.20 - $7.00
https://s.alicdn.com/@sc04/kf/Hb2fc1cee989a4710967c84eb55d8d88ea.jpg_250x250xz.jpg,Crystal velvet Cushion Water-absorbing Quick-drying Floor Carpet Bathroom Non-slip Foot Pad Household Oil-proof Kitchen Mat,$0.36 - $0.50
https://s.alicdn.com/@sc04/kf/H99e5487158214247928d0641520d02fd2.png_250x250xz.jpg,Travel Case Hard Plastic Tooth Brush Container Cheap portable Travel Toothpaste Storage Case Holder,$0.07 - $0.09
https://s.alicdn.com/@sc04/kf/He0038d90c42044db8ac6ce006c03515dU.jpg_250x250xz.jpg,New 4 in 1 Household Knife Sharpener Creative Manual Fast Sharpening Knife Scissors Tool Knife Sharpener,$0.26 - $0.31
https://s.alicdn.com/@sc04/kf/Hebec2500112a4d2a8b834dd30c2915f5N.jpg_250x250xz.jpg,Electric Callus Remover for Feet Rechargeable Foot File Pedicure Tool Portable Foot Callus Remover Waterproof Profess Pedicure,$1.60 - $1.83
https://s.alicdn.com/@sc04/kf/A54c3294b821f45fa9e0780ff1ed0dd98H.jpg_250x250xz.jpg,Top Quality Home Hotel Towels Bath Sets Skin-friendly Highly Absorbent Soft Coral Fleece 3-piece Bath Towel Set Wedding Souvenir,$0.91 - $1.00
https://s.alicdn.com/@sc04/kf/H73995c5a94c64de8acd9a665c0499abcb.jpg_250x250xz.jpg,Wholesale Portable Plastic Toothbrush Toothpaste Storage Box Travel Tooth Brush Container Cases Mouthwash Cup Holder For Home,$0.12 - $0.14
https://s.alicdn.com/@sc04/kf/H037313672b504dd38d08273fa4833aceW.jpg_250x250xz.jpg,Customize Macaron Nice advertising gift glass liner creative water thermos simple department store student bottle with handle,$0.35 - $0.38
https://s.alicdn.com/@sc04/kf/H6396312637c84df19bce090efb7180844.jpg_250x250xz.jpg,Airtight Leak Proof Plastic PET Clear Food Storage Container Box With Lids For Kitchen Organization,$0.54 - $1.08
https://s.alicdn.com/@sc04/kf/Ha97357a4b68a4ec9ada36144449129a7K.jpg_250x250xz.jpg,Deer earrings necklace ring pendant storage rack display rack tray tree storage jewelry key pendant storage rack,$0.23 - $0.28
https://s.alicdn.com/@sc04/kf/H7eee319be9b345adbf2b629a37b17aaag.jpg_250x250xz.jpg,Transparent Strong Self Adhesive Door Wall Hangers Hooks Suction Heavy Load Rack Cup Sucker for Kitchen Bathroom.Z0874,$0.02 - $0.05
https://s.alicdn.com/@sc04/kf/H387bc26ad7e34a8e852147c06f565bfcc.jpg_250x250xz.jpg,stainless steel tumbler mug with straw handle custom 30oz 40oz 50oz vacuum insulated double wall,$0.80 - $0.99
https://s.alicdn.com/@sc04/kf/Hfdfb9a110dda4cd183cf769a7111fdfbP.jpg_250x250xz.jpg,Home Wall Decor Self Adhesive Non Glass Custom Self Adhesive Acrylic Mirror Wall Sticker Bathroom Waterproof Unbreakable Mirror,$0.80 - $1.00
https://s.alicdn.com/@sc04/kf/H51fe49cd891f49b497e021a76f62ca3c9.jpg_250x250xz.jpg,11pcs Pink Cooking Pots and Pans Cookware Set Glass lid with Silicon Knob Non Stick Cookware Set,$2.92 - $8.50
https://s.alicdn.com/@sc04/kf/H9f86c6ee79e248abbaa817e731ae24115.jpg_250x250xz.jpg,Hot selling 6Pocket Hanging Handbag Organizer for Wardrobe Closet Transparent Storage Bag Double-sided Handbag storage organizer,$0.42 - $0.66
https://s.alicdn.com/@sc04/kf/Hc557d60a201e40cb8d91b1f322fe71d6Q.jpg_250x250xz.jpg,plastic usd movie dollars uk polymer high quality real aged paper british 20 pound note realistic canadian prop money,$0.47 - $0.81
https://s.alicdn.com/@sc04/kf/He6f7013e45bf4d27808e43e8cd11666fp.jpg_250x250xz.jpg,JJiaXin Metal Lorlock G17 alloy keychain Gun type model Gift Pendant Toy keychain,$9.30 - $11.30
https://s.alicdn.com/@sc04/kf/H4de406852c4d422280b8907dfdd45a88L.jpg_250x250xz.jpg,380Ml 510Ml Smart Temperature Display Stainless Steel Coffee Cup Double Wall Travel Office Coffee Vacuum Cup With Lid,$0.68 - $0.99
https://s.alicdn.com/@sc04/kf/He8071000f0a54862a358e60882b84dc74.jpg_250x250xz.jpg,Home Fragrance Fireless Dry Flower Decorative Reed Stick Air Freshener Flower Scented Reed Diffuser 50ML,$0.46 - $0.65
https://s.alicdn.com/@sc04/kf/H7242b7a5ef114550bddfc46c80ab77d82.jpg_250x250xz.jpg,Wall Mounted Toothbrush Bolder Toothpaste Dispenser Toothbrush suits,$0.18 - $0.56
https://s.alicdn.com/@sc04/kf/H422972db37ca4bfc9a4f017358080ebdE.png_250x250xz.jpg,Rice Washing Strainer Filter Basket Colander Sieve Fruit Vegetable Bowl Drainer Cleaning Tools Kitchen Kit Gadgets Accessories,$0.12 - $0.17
https://s.alicdn.com/@sc04/kf/Hefffee193e354f4d96684f507ae1c440j.jpg_250x250xz.jpg,Photo Custom DIY Diamond Painting Custom Full Drill Painting With Frame Diamond Picture For Adults Diamond Mosaic Parents gift,$1.50 - $3.80
https://s.alicdn.com/@sc04/kf/H1139286be21d404287b8c9e8c3d0427d1.jpg_250x250xz.jpg,Hot Selling Flower Charm Perfume Women Spray Lasting High Fragrance 50ml EAU De Parfum,$0.28 - $0.45
https://s.alicdn.com/@sc04/kf/H0fe75a65aea342b0a885f508c24d62758.jpg_250x250xz.jpg,One Stop Shopping Bathroom Accessories Travel Toothbrush Storage Box Dust-proof Tooth Brush Holder Case Toothbrush Organizer,$0.12
https://s.alicdn.com/@sc04/kf/H2a2be978d7e8446990b89edbd5f34e38C.jpg_250x250xz.jpg,2024 New Arrivals Fashion Women's Shoulder Bags Trendy Ladies Hand Bags Pu Leather Women's Shoulder Bags,$1.00 - $1.99
https://s.alicdn.com/@sc04/kf/H63d696809d8948d7893026e1d43e3e4fr.jpg_250x250xz.jpg,Christmas Gift 3pcs Outdoor Travel Coffee Tea thermos Vacuum flask stainless steel water bottle gift set with 2 cup,$1.44 - $1.68
https://s.alicdn.com/@sc04/kf/Ha4729c912b3c4c50a30c5d139b35cbb60.jpg_250x250xz.jpg,2024 Ceramic wholesale by cartons box white porcelain stock cheap dishes & plates bowls tableware with mixing packing dinner set,$16.00 - $18.00
https://s.alicdn.com/@sc04/kf/He3f19387a6dd41899e435841edab127cr.jpg_250x250xz.jpg,PP Mortar Pestle Set Manual Garlic Pounder Herb Spice Mixing Grinding Crusher Bowl Pounding Medicine Jar Kitchen Pestle Grinder,$0.69 - $0.72
https://s.alicdn.com/@sc04/kf/HTB1xc_ijfDH8KJjy1Xcq6ApdXXaQ.jpg_250x250xz.jpg,Portable Disposable Poncho Raincoats for Men Women Rain Poncho Emergency Fisherman Rain Coat,$0.08 - $0.14
https://s.alicdn.com/@sc04/kf/He98347dfeaea4cbb9538860c6aed1e61C.jpg_250x250xz.jpg,Wholesale Shoulder Large Ladies Designer Hand Bags Women Handbag Branded Pu Leather Ladies Sling Bag Women Shoulder Bag,$0.99 - $1.99
https://s.alicdn.com/@sc04/kf/He5868e7a49a047f2bd99c1163f730b5fB.jpg_250x250xz.jpg,Metal Lorlock G17 alloy keychain Gun type model Gift Pendant Toy keychain,$9.30 - $11.30
https://s.alicdn.com/@sc04/kf/H6f0926b5e8f7469890288c93d4ad0d948.jpg_250x250xz.jpg,Factory Bed Sheet 6pc Modern Pattern Printed Bedding Sheet Set with 1 Flat & 1 Fitted sheet with 4 Pillow,$7.20 - $8.50
https://s.alicdn.com/@sc04/kf/H4cd1bab24bfd453daa9e95b717d971baf.jpg_250x250xz.jpg,Custom Logo Gift Box Set Thermostatic Cup Vaccum Flask Ceramic Tea Coffee Mug For Mothers Day Valentine Wedding,$1.50 - $13.30
https://s.alicdn.com/@sc04/kf/Hbb6df1c2a0af4ea09784c237aafe7f42F.jpg_250x250xz.jpg,Wholesale coral fleece towel wash face Bath two-piece towel set striped absorbent quick-drying Adult towel,$0.70 - $1.60
https://s.alicdn.com/@sc04/kf/H78ca8a5ceb9e47a5b4b3b25e7dfe223ed.jpg_250x250xz.jpg,Household Liquid Dispensing Folding Portable Funnels DIY Food-Grade Folding Silicone Funnel Mini Foldable Funnel kitchen gadgets,$0.01 - $0.05
https://s.alicdn.com/@sc04/kf/H84bbedfd476246f9b44f4717a1b85019p.jpg_250x250xz.jpg,Kitchen Cooking Tool Kitchenware Kids Cooking Wood Utensils Kitchen Utensils Set Silicone Kitchen Utensils Set,$1.45 - $2.95
https://s.alicdn.com/@sc04/kf/Hb852e1363c254305a59f8e732616ebb0N.jpg_250x250xz.jpg,Hot Sale Vapers Smoke For Smoker,$0.50 - $3.50
https://s.alicdn.com/@sc04/kf/Hc60193e004644b05bb21e8f981898ad51.jpg_250x250xz.jpg,Factory Best selling round rotating mop floor cleaning 360 rotating mop bucket cleaning mop dirty water depart bucket,$1.79 - $2.93
https://s.alicdn.com/@sc04/kf/H3e2d886e36e74d53a103c19e9decb3c8E.jpg_250x250xz.jpg,Cheap Women's Handbags 4 Colors Large Size Casual Shoulder Armpit Tote Single Women Handbags Texture Bags Women Handbag,$0.88 - $1.59
https://s.alicdn.com/@sc04/kf/Haadc29a2443e4563a15d7f028932cb7e5.jpg_250x250xz.jpg,Newest 19 Pcs Silicone Kitchen Utensil Set With Wooden Handle Cooking Tools Cuttings Board Storage Bucket Kitchen Gadget set,$4.99 - $5.50
